{
  "description": "Taken from NEWS API ",

  "data": [

    {
      "author": "NDTVSports.com",
      "title": "MS Dhoni Can Retire Whenever He Wants, Says Shane Warne | Cricket News - NDTV News",
      "description": "Shane Warne found it strange that there were people who were unsure about MS Dhoni being in the India World Cup 2019 squad.",
      "url": "https://sports.ndtv.com/world-cup-2019/ms-dhoni-can-retire-whenever-he-wants-says-shane-warne-2043519",
      "urlToImage": "https://c.ndtvimg.com/2019-05/6q6lgkp4_ms-dhoni-india-odi-afp_625x300_27_May_19.jpg",
      "publishedAt": "2019-05-27T07:55:27Z",
      "content": "MS Dhoni will be a key player for Team India at the 2019 World Cup in England and Wales and despite being 37 years old, the former India captain is showing little signs of slowing down. MS Dhoni retired from Test cricket in 2014 but continues to be an integrated part of Indian cricket team ."
    },

    {
      "author": "",
      "title": "Reports of Sanath Jayasuriya’s death Fake News; cricketer himself clarifies - CricTracker",
      "description": "Monday in the cricketing universe didn’t get off to a great start as unverified reports claimed the demise of former Sri Lankan cricketer Sanath Jayasuriya",
      "url": "https://www.crictracker.com/reports-of-sanath-jayasuriyas-death-fake-news-cricketer-himself-clarifies/",
      "urlToImage": "https://www.crictracker.com/wp-content/uploads/2018/10/Sanath-Jayasuriya-1.jpg",
      "publishedAt": "2019-05-27T05:28:00Z",
      "content": "Former Sri Lankan cricketer Sanath Jayasuriya. (Photo by Gareth Copley/Getty Images)\r\nMonday morning in the cricketing universe didnt get off to a great start as unverified reports claimed the demise of former Sri Lankan cricketer Sanath Jayasuriya. It found that it is totally wrong about the rumors that gad separated"
    },


    {
      "author": "Jaspreet Sahni",
      "title": "Sachin Tendulkar's advice for India's World Cup team: Pace yourself cleverly - Times of India",
      "description": "Cricket News: For the first time since the 1992 edition, a cricket World Cup will be played in the round-robin format; and having played in that tournament 27 years",
      "url": "https://timesofindia.indiatimes.com/sports/cricket/icc-world-cup/sachin-tendulkars-advice-for-indias-world-cup-team-pace-yourself-cleverly/articleshow/69512999.cms",
      "urlToImage": "https://static.toiimg.com/thumb/msid-69513235,width-1070,height-580,imgsize-11032949,resizemode-6,overlay-toi_sw,pt-32,y_pad-40/photo.jpg",
      "publishedAt": "2019-05-27T05:21:42Z",
      "content": "NEW DELHI: In 1992, Sachin Tendulkar played his first World Cup. It had been just three years since he made a 'bloody nosed' international debut against the Pakistan pace battery. But little did the then 18-year-old Tendulkar know that he will go on to play for India for quite a long time"
    },

    {
      "author": null,
      "title": "ICC Cricket World Cup 2019: Sachin Tendulkar says Ind..c button despite loss to New Zealand in warm-up match - Firstpost",
      "description": "Cricket legend Sachin Tendulkar is no mood to press the panic button after India's loss to New Zealand in their first World Cup warm-up game, saying Virat Kohli's men should utilise the practice matches to learn more about the conditions ahead of the main tou…",
      "url": "https://www.firstpost.com/firstcricket/sports-news/icc-cricket-world-cup-2019-sachin-tendulkar-says-india-need-not-press-panic-button-despite-loss-to-new-zealand-in-warm-up-match-6704531.html",
      "urlToImage": "https://images.firstpost.com/wp-content/uploads/2017/10/sachin-tendulkar-reuters-1024.jpg",
      "publishedAt": "2019-05-26T17:04:57Z",
      "content": "Mumbai: Cricket legend Sachin Tendulkar is no mood to press the \"panic\" button after India's loss to New Zealand in their first World Cup warm-up game, saying Virat Kohli's men should utilise the practice matches to learn more about the conditions ahead of the World Cup 2019"
    },

    {
      "author": null,
      "title": "Watch: Ravi Shastri tells Yuzvendra Chahal 'I am still young' - Times of India",
      "description": "Cricket News: The recent interview on Chahal TV featured the supporting staff of the Indian cricket team. The members of the coaching staff in the interview shared",
      "url": "https://timesofindia.indiatimes.com/sports/cricket/icc-world-cup/watch-ravi-shastri-tells-yuzvendra-chahal-i-am-still-young/articleshow/69573097.cms",
      "urlToImage": "https://static.toiimg.com/thumb/msid-69573097,width-1070,height-580,imgsize-1110025,resizemode-6,overlay-toi_sw,pt-32,y_pad-40/photo.jpg",
      "publishedAt": "2019-05-30T06:19:53Z",
      "content": null
    },


    {
      "author": "Partha Bhaduri",
      "title": "ICC World Cup 2019: Virat Kohli's perfect chance to shape a legacy - Times of India",
      "description": "Cricket News: The Virat Kohli era in Indian cricket will be incomplete without a World Cup triumph as captain. Can the combative cricketer dispel growing perception",
      "url": "https://timesofindia.indiatimes.com/sports/cricket/icc-world-cup/icc-world-cup-2019-virat-kohlis-perfect-time-to-shape-a-legacy/articleshow/69572401.cms",
      "urlToImage": "https://static.toiimg.com/thumb/msid-69572459,width-1070,height-580,imgsize-1746477,resizemode-6,overlay-toi_sw,pt-32,y_pad-40/photo.jpg",
      "publishedAt": "2019-05-30T05:22:54Z",
      "content": "Is Virat Kohli a great one-day international captain? Just take a moment. Pause before reading further, and think. What do you really believe?\r\nICC WORLD CUP 2019: Full Schedule\r\nIs it true that there seems to be a shade of doubt,a lingering confusion... an unexplainable hesitation, when it comes to resolving this issue? If yes then it will be the biggest motivation for virat in this WC"

    },


    {
      "author": "ICC",
      "title": "Pakistan search for strong start after tough build-up - International Cricket Council",
      "description": "Pakistan have lost their last 10 completed one-day internationals, but can they set that right in their tournament opener against an equally unpredictable, but game, West Indies?",
      "url": "https://www.icc-cricket.com/news/1228567",
      "urlToImage": "https://resources.pulse.icc-cricket.com/ICC/photo/2019/05/30/cbad5cdc-ab20-4cbf-9ea2-e4e062b1b243/GettyImages-1151444438.jpg",
      "publishedAt": "2019-05-30T04:30:37Z",
      "content": "Pakistan have lost their last 10 completed one-day internationals, but can they set that right in their tournament opener against an equally unpredictable, but game, West Indies?Overview\r\nPakistan v West IndiesTrent Bridge, Nottingham2019 ICC Cricket World Cup will be very crucial for an ice-break of losing matches again and again for defending ICC Campions."


    },

    {
      "author": null,
      "title": "World Cup 2019: Prince Harry fires a salvo at Aaron Finch during opening ceremony - India Today",
      "description": "On the eve of the 2019 World Cup, captains of the participating teams met the Royals where Prince Harry didn't waste any time in sledging on-field arch-rivals Australian skipper Aaron Finch",
      "url": "https://www.indiatoday.in/sports/cricket-world-cup-2019/story/icc-cricket-world-cup-2019-prince-harry-aaron-finch-sledge-ashes-1538077-2019-05-30",
      "urlToImage": "https://akm-img-a-in.tosshub.com/indiatoday/images/story/201905/AP19149544534697__1_-647x363.jpeg?sX1wKAQayIX.oxF0qq2aHSbIb7zPPeY8",
      "publishedAt": "2019-05-30T03:30:00Z",
      "content": "On the eve of the Cricket World Cup, Prince Harry stoked the rivalry between England and Australia with a cheeky sledge at Aaron Finch during a team captains' reception at Buckingham Palace.\r\n\"You're getting on a bit now."

    },

    {
      "author": "Gaurav Gupta",
      "title": "ICC World Cup 2019: KL Rahul rediscovers himself just in time - Times of India",
      "description": "Cricket News: After a bout with off-the-field controversy, KL Rahul is back doing what he does best, scoring runs. With a fine century in the second warm-up match a",
      "url": "https://timesofindia.indiatimes.com/sports/cricket/icc-world-cup/icc-world-cup-2019-kl-rahul-rediscovers-himself-just-in-time/articleshow/69570558.cms",
      "urlToImage": "https://static.toiimg.com/thumb/msid-69570906,width-1070,height-580,imgsize-1156413,resizemode-6,overlay-toi_sw,pt-32,y_pad-40/photo.jpg",
      "publishedAt": "2019-05-30T03:06:09Z",
      "content": "CARDIFF: He thinks for a while, and then answers your question. Perhaps, its the result of being on a journey to hell and back which has made him a bit guarded while talking. After all, he got into trouble because of talking too much. He made a few disparagings"

    },

    {
      "author": "",
      "title": "I'm playing in a WC four years earlier than I thought: Archer - Cricbuzz - Cricbuzz",
      "description": "All this while, the all-rounder has kept his calm, and maintained he is out to enjoy during the World Cup",
      "url": "https://www.cricbuzz.com/cricket-news/108227/im-playing-in-a-wc-four-years-earlier-than-i-thought-archer",
      "urlToImage": "http://www.cricbuzz.com/a/img/v1/600x400/i1/c170321/i-really-feel-that-the-ipl-se.jpg",
      "publishedAt": "2019-05-30T01:50:24Z",
      "content": "\"I really feel that the IPL sets you up well for the pressures World Cup Cricket will exert on a player.\" © Getty\r\nJofra Archer is the new kid on the block. He has been one of the most talked-about cricketers leading into the World Cup. The West Indian became in squad for ECB"
    },

    {
      "author": null,
      "title": "Cricket World Cup: Kagiso Rabada and Lungi Ngidi provide an early test of England's credentials - The Times",
      "description": "Exactly 1,543 days after Eoin Morgan sat in the England dugout contemplating his team’s early demise from the 2015 World Cup, eyes blank and face expressionless, he stands as captain of the world’s...",
      "url": "https://www.thetimes.co.uk/article/cricket-world-cup-kagiso-rabada-and-lungi-ngidi-provide-an-early-test-of-englands-credentials-z57c9vbdv",
      "urlToImage": "http://www.thetimes.co.uk/imageserver/image/methode%2Ftimes%2Fprod%2Fweb%2Fbin%2F5299786e-823d-11e9-bb89-165499dc1684.jpg?crop=3891%2C2189%2C24%2C663",
      "publishedAt": "2019-05-29T23:01:00Z",
      "content": "Exactly 1,543 days after Eoin Morgan sat in the England dugout contemplating his teams early demise from the 2015 World Cup, eyes blank and face expressionless, he stands as captain of the worlds No 1-ranked one-day international side, expectation weighing on the team is very high and it increased high as they are Home team."
    },

    {
      "author": null,
      "title": "ENG v SA - At The Nets | ICC Cricket World Cup 2019 - ICC",
      "description": "We sent Niall O'Brien down to The Oval this morning to cast his eye over the England and South Africa teams in the nets. The home of all the highlights from ...",
      "url": "https://www.youtube.com/watch?v=KUkW4R34C0M",
      "urlToImage": "https://i.ytimg.com/vi/KUkW4R34C0M/maxresdefault.jpg",
      "publishedAt": "2019-05-29T22:11:11Z",
      "content": "We sent Niall O'Brien down to The Oval this morning to cast his eye over the England and South Africa teams in the nets.\r\nThe home of all the highlights from the ICC Mens Cricket World Cup 2019.Subscribe here: https://bit.ly/30D11CA\r\nThis is the official homepage ."
    },

    {
      "author ": null,
      "title": "In Pics, ICC Cricket World Cup 2019 Officially Gets Underway - News18",
      "description": "Pictures from the opening ceremony ahead of the commencement of the group stage of the ICC World Cup 2019.",
      "url": "https://www.news18.com/cricketnext/photogallery/in-pics-icc-cricket-world-cup-2019-officially-gets-underway-2164639.html",
      "urlToImage": "https://images.news18.com/ibnlive/uploads/2019/05/Cricket-Legends-Celebrities-Grace-Event-6.jpg",
      "publishedAt": "2019-05-29T20:57:39Z",
      "content": "Farhan Akhtar poses with Malala Yousafzai, Pakistani Nobel Peace Prize winner, during a media opportunity to speak to cricket legends and celebrities from each of the competing nation ahead of the Cricket World Cup opening party along The Mall in London. (Image)"
    },

    {
      "author": null,
      "title": "World Cup 2019: Virat Kohli meets the Queen ahead of the opener - India Today",
      "description": "World Cup 2019: On the eve of the the showpiece event Queen Elizabeth and Prince Harry greeted the ten World Cup participating team skippers at the Buckingham Palace.",
      "url": "https://www.indiatoday.in/sports/cricket-world-cup-2019/story/icc-cricket-world-cup-virat-kohli-meet-queen-team-captains-1537986-2019-05-29",
      "urlToImage": "https://akm-img-a-in.tosshub.com/indiatoday/images/story/201905/Virat29052019-647x363.jpeg?oPabAH4DAfvPbLZFK_PpUFoB0x0UNY0t",
      "publishedAt": "2019-05-29T18:08:00Z",
      "content": "Ahead of the start of the 2019 World Cup extravaganza, the captains of all the ten participating teams stopped over at the Buckingham Palace to meet Queen Elizabeth II in London which hosted a star-studded opening ceremony on the eve of the tournament."
    },
    {
      "author": null,
      "title": "West Indies vs Pakistan, ICC Cricket World Cup 2019 M..g: When and where to watch today’s match score online - Firstpost",
      "description": "ICC Cricket World Cup 2019 Live Streaming: Here's everything you need to know about the coverage of the ICC Cricket World Cup 2019 match between West Indies and Pakistan.",
      "url": "https://www.firstpost.com/firstcricket/sports-news/west-indies-vs-pakistan-icc-cricket-world-cup-2019-match-live-streaming-when-and-where-to-watch-todays-match-score-online-6725411.html",
      "urlToImage": "https://images.firstpost.com/wp-content/uploads/2019/05/West-Indies-cricket-Social.jpg",
      "publishedAt": "2019-05-31T02:31:39Z",
      "content": "For the first time in years, the West Indies has a team which might go close to winning the tournament.\r\nThe top of the order features the imposing figure of Chris Gayle, who has been handed the additional responsibility of vice-captaincy. Recently WI had made a total of 421 , that can make a turning points in this WC"


    },

    {
      "author": "ICC",
      "title": "Archer returns to The Oval for the biggest stage – and delivers again - International Cricket Council",
      "description": "It was at The Oval earlier this month, on May 8, that Jofra Archer effectively sealed his place in England’s squad for the ICC Men's Cricket World Cup.",
      "url": "https://www.icc-cricket.com/news/1230989/featured",
      "urlToImage": "https://resources.pulse.icc-cricket.com/ICC/photo/2019/05/30/577b0109-82e2-4558-a4ee-75de756e2d7d/GettyImages-1146951075.jpg",
      "publishedAt": "2019-05-30T20:08:09Z",
      "content": "It was at The Oval earlier this month, on May 8, that Jofra Archer effectively sealed his place in Englands squad for the ICC Men's Cricket World Cup.On a rainy day that saw England's first ODI against Pakistan curtailed to just 19 overs of play, Archer displays a very tuff bowls against South Africa"


    },

    {
      "author": "SIFY",
      "title": "Watch: Did Ben Stokes pull off the greatest catch ever? - Sify News",
      "description": "<font face=tahoma, arial, verdana, sans-serif><span style=font-size: 12px;>Watch: Did Ben Stokes pull off the greatest catch ever?<span><font>",
      "url": "http://www.sify.com/sports/watch-did-ben-stokes-pull-off-the-greatest-catch-ever-news-cricket-tf4vXkjdfceci.html",
      "urlToImage": "http://static.sify.com/cms/image/ap19150562401288-tf4wbPdgejghj_small.jpg",
      "publishedAt": "2019-05-30T17:27:00Z",
      "content": "Ben Stokes was England's star with both bat and the ball, but this effort on the field was mind-blowing!\r\nImmediately after the drinks break (34 overs), the World Cup witnessed one of the greatest catches ever. Stokes, fielding at deep-midwicket, took a one-handed outstanding Catch."

    },

    {
      "author": null,
      "title": "ICC World Cup: 'Round the Clock' drill for Team India to get direct throws right - Times of India",
      "description": "Cricket News: Indian team has always been considered as a safe \"catching unit\" but fielding coach R Sridhar now wants improvement in the conversion rate for direct",
      "url": "https://timesofindia.indiatimes.com/sports/cricket/icc-world-cup/icc-world-cup-round-the-clock-drill-for-team-india-to-get-direct-throws-right/articleshow/69586222.cms",
      "urlToImage": "https://static.toiimg.com/thumb/msid-69586241,width-1070,height-580,imgsize-1614559,resizemode-6,overlay-toi_sw,pt-32,y_pad-40/photo.jpg",
      "publishedAt": "2019-05-30T15:55:27Z",
      "content": null
    }
  ]
}